Stations: Seattle Duwamish Vly,
QMUs: Light Scatter eco_9003_2 | Pm2.5 MetOne Bam | Pm2.5 Nephelometer,
Aggregates: 1-Hour Average,
Query Start Date: 4/28/2026 ,
Query End Date: 5/13/2026,
File Creation Date: 5/13/2026,
NOTE: PSCAA developed aggregates in 2017 using standards applicable at that time,,

Observation Time,Seattle Duwamish Vly - LightScatEc2 - bscat10 e-4 - 1Hr Avg,Seattle Duwamish Vly - Pm25MetOneBam - ug/m3 - 1Hr Avg,Seattle Duwamish Vly - Pm25Neph - ug/m3 - 1Hr Avg
4/28/2026 12:00:00 AM,0.1160000000,4.4000000000,3.3000000000
4/28/2026 1:00:00 AM,0.1080000000,3.1000000000,3.1000000000
4/28/2026 2:00:00 AM,0.1260000000,4.3000000000,3.6000000000
4/28/2026 3:00:00 AM,0.1080000000,4.7000000000,3.1000000000
4/28/2026 4:00:00 AM,0.0940000000,5.1000000000,2.7000000000
4/28/2026 5:00:00 AM,0.1160000000,4.9000000000,3.3000000000
4/28/2026 6:00:00 AM,0.1720000000,4.0000000000,4.9000000000
4/28/2026 7:00:00 AM,0.1420000000,3.6000000000,4.0000000000
4/28/2026 8:00:00 AM,0.1430000000,9.6000000000,4.1000000000
4/28/2026 9:00:00 AM,0.1540000000,6.0000000000,4.3000000000
4/28/2026 10:00:00 AM,0.1870000000,5.3000000000,5.3000000000
4/28/2026 11:00:00 AM,0.2090000000,7.8000000000,5.9000000000
4/28/2026 12:00:00 PM,0.2010000000,6.8000000000,5.7000000000
4/28/2026 1:00:00 PM,0.1960000000,5.9000000000,5.6000000000
4/28/2026 2:00:00 PM,0.1790000000,5.0000000000,5.1000000000
4/28/2026 3:00:00 PM,0.1770000000,3.5000000000,5.0000000000
4/28/2026 4:00:00 PM,0.1730000000,7.5000000000,4.9000000000
4/28/2026 5:00:00 PM,0.1630000000,7.4000000000,4.6000000000
4/28/2026 6:00:00 PM,0.1590000000,6.0000000000,4.5000000000
4/28/2026 7:00:00 PM,0.1630000000,5.0000000000,4.6000000000
4/28/2026 8:00:00 PM,0.1580000000,5.2000000000,4.5000000000
4/28/2026 9:00:00 PM,0.1530000000,5.7000000000,4.3000000000
4/28/2026 10:00:00 PM,0.1600000000,7.9000000000,4.5000000000
4/28/2026 11:00:00 PM,0.1720000000,6.2000000000,4.9000000000
4/29/2026 12:00:00 AM,0.1930000000,7.9000000000,5.4000000000
4/29/2026 1:00:00 AM,0.1870000000,5.0000000000,5.3000000000
4/29/2026 2:00:00 AM,0.2000000000,4.9000000000,5.7000000000
4/29/2026 3:00:00 AM,0.2270000000,10.4000000000,6.4000000000
4/29/2026 4:00:00 AM,0.2400000000,11.1000000000,6.8000000000
4/29/2026 5:00:00 AM,0.2580000000,9.2000000000,7.3000000000
4/29/2026 6:00:00 AM,0.2320000000,7.8000000000,6.6000000000
4/29/2026 7:00:00 AM,0.2600000000,7.2000000000,7.3000000000
4/29/2026 8:00:00 AM,0.2080000000,7.6000000000,5.9000000000
4/29/2026 9:00:00 AM,0.1850000000,8.5000000000,5.2000000000
4/29/2026 10:00:00 AM,0.1990000000,6.5000000000,5.6000000000
4/29/2026 11:00:00 AM,0.2050000000,7.3000000000,5.8000000000
4/29/2026 12:00:00 PM,0.2110000000,9.6000000000,6.0000000000
4/29/2026 1:00:00 PM,0.2010000000,5.9000000000,5.7000000000
4/29/2026 2:00:00 PM,0.1830000000,3.7000000000,5.2000000000
4/29/2026 3:00:00 PM,0.2300000000,8.2000000000,6.5000000000
4/29/2026 4:00:00 PM,0.1980000000,7.9000000000,5.6000000000
4/29/2026 5:00:00 PM,0.1710000000,5.4000000000,4.8000000000
4/29/2026 6:00:00 PM,0.1890000000,8.3000000000,5.4000000000
4/29/2026 7:00:00 PM,0.2030000000,6.9000000000,5.7000000000
4/29/2026 8:00:00 PM,0.2480000000,6.0000000000,7.0000000000
4/29/2026 9:00:00 PM,0.2470000000,8.4000000000,7.0000000000
4/29/2026 10:00:00 PM,0.2220000000,6.8000000000,6.3000000000
4/29/2026 11:00:00 PM,0.2460000000,6.9000000000,7.0000000000
4/30/2026 12:00:00 AM,0.2430000000,8.0000000000,6.9000000000
4/30/2026 1:00:00 AM,0.2820000000,6.6000000000,8.0000000000
4/30/2026 2:00:00 AM,0.2530000000,7.1000000000,7.1000000000
4/30/2026 3:00:00 AM,0.2140000000,6.4000000000,6.0000000000
4/30/2026 4:00:00 AM,0.2090000000,5.9000000000,5.9000000000
4/30/2026 5:00:00 AM,0.2290000000,8.7000000000,6.5000000000
4/30/2026 6:00:00 AM,0.2760000000,6.1000000000,7.8000000000
4/30/2026 7:00:00 AM,0.3320000000,7.5000000000,9.3000000000
4/30/2026 8:00:00 AM,0.3060000000,8.7000000000,8.6000000000
4/30/2026 9:00:00 AM,0.2500000000,8.6000000000,7.1000000000
4/30/2026 10:00:00 AM,0.2790000000,7.7000000000,7.9000000000
4/30/2026 11:00:00 AM,0.2110000000,4.1000000000,6.0000000000
4/30/2026 12:00:00 PM,0.2320000000,3.5000000000,6.6000000000
4/30/2026 1:00:00 PM,0.2430000000,6.4000000000,6.9000000000
4/30/2026 2:00:00 PM,0.2390000000,7.4000000000,6.8000000000
4/30/2026 3:00:00 PM,0.2320000000,6.4000000000,6.5000000000
4/30/2026 4:00:00 PM,0.2130000000,4.5000000000,6.0000000000
4/30/2026 5:00:00 PM,0.2150000000,7.2000000000,6.1000000000
4/30/2026 6:00:00 PM,0.2200000000,10.1000000000,6.2000000000
4/30/2026 7:00:00 PM,0.2320000000,8.2000000000,6.6000000000
4/30/2026 8:00:00 PM,0.2410000000,9.7000000000,6.8000000000
4/30/2026 9:00:00 PM,0.2470000000,14.0000000000,7.0000000000
4/30/2026 10:00:00 PM,0.2690000000,8.8000000000,7.6000000000
4/30/2026 11:00:00 PM,0.2710000000,8.9000000000,7.6000000000
5/1/2026 12:00:00 AM,0.2530000000,8.4000000000,7.2000000000
5/1/2026 1:00:00 AM,0.2700000000,8.1000000000,7.6000000000
5/1/2026 2:00:00 AM,0.2600000000,8.8000000000,7.3000000000
5/1/2026 3:00:00 AM,0.2460000000,8.1000000000,6.9000000000
5/1/2026 4:00:00 AM,0.2550000000,7.0000000000,7.2000000000
5/1/2026 5:00:00 AM,0.2750000000,12.3000000000,7.8000000000
5/1/2026 6:00:00 AM,0.3270000000,11.1000000000,9.2000000000
5/1/2026 7:00:00 AM,0.3180000000,11.4000000000,9.0000000000
5/1/2026 8:00:00 AM,0.2810000000,8.9000000000,7.9000000000
5/1/2026 9:00:00 AM,0.3140000000,9.8000000000,8.9000000000
5/1/2026 10:00:00 AM,0.2620000000,11.2000000000,7.4000000000
5/1/2026 11:00:00 AM,0.2520000000,9.2000000000,7.1000000000
5/1/2026 12:00:00 PM,0.2650000000,7.7000000000,7.5000000000
5/1/2026 1:00:00 PM,0.2390000000,8.1000000000,6.7000000000
5/1/2026 2:00:00 PM,0.2320000000,5.6000000000,6.6000000000
5/1/2026 3:00:00 PM,0.2510000000,4.2000000000,7.1000000000
5/1/2026 4:00:00 PM,0.2030000000,10.4000000000,5.7000000000
5/1/2026 5:00:00 PM,0.2170000000,7.7000000000,6.1000000000
5/1/2026 6:00:00 PM,0.2430000000,7.4000000000,6.9000000000
5/1/2026 7:00:00 PM,0.2320000000,7.3000000000,6.6000000000
5/1/2026 8:00:00 PM,0.2140000000,6.8000000000,6.1000000000
5/1/2026 9:00:00 PM,0.2150000000,5.8000000000,6.1000000000
5/1/2026 10:00:00 PM,0.2210000000,5.9000000000,6.2000000000
5/1/2026 11:00:00 PM,0.2770000000,7.8000000000,7.8000000000
5/2/2026 12:00:00 AM,0.2610000000,6.7000000000,7.4000000000
5/2/2026 1:00:00 AM,0.2490000000,6.6000000000,7.0000000000
5/2/2026 2:00:00 AM,0.2430000000,5.6000000000,6.9000000000
5/2/2026 3:00:00 AM,0.2550000000,5.9000000000,7.2000000000
5/2/2026 4:00:00 AM,0.2500000000,5.4000000000,7.0000000000
5/2/2026 5:00:00 AM,0.2640000000,7.2000000000,7.5000000000
5/2/2026 6:00:00 AM,0.3130000000,7.4000000000,8.8000000000
5/2/2026 7:00:00 AM,0.3530000000,8.8000000000,10.0000000000
5/2/2026 8:00:00 AM,0.3230000000,9.3000000000,9.1000000000
5/2/2026 9:00:00 AM,0.2840000000,7.3000000000,8.0000000000
5/2/2026 10:00:00 AM,0.2340000000,6.6000000000,6.6000000000
5/2/2026 11:00:00 AM,0.2280000000,7.8000000000,6.4000000000
5/2/2026 12:00:00 PM,0.2450000000,9.2000000000,6.9000000000
5/2/2026 1:00:00 PM,0.2580000000,6.6000000000,7.3000000000
5/2/2026 2:00:00 PM,0.2540000000,9.1000000000,7.2000000000
5/2/2026 3:00:00 PM,0.2600000000,10.8000000000,7.4000000000
5/2/2026 4:00:00 PM,0.2430000000,9.4000000000,6.9000000000
5/2/2026 5:00:00 PM,0.2200000000,8.3000000000,6.2000000000
5/2/2026 6:00:00 PM,0.2200000000,7.1000000000,6.2000000000
5/2/2026 7:00:00 PM,0.2250000000,8.2000000000,6.4000000000
5/2/2026 8:00:00 PM,0.2040000000,6.1000000000,5.8000000000
5/2/2026 9:00:00 PM,0.2010000000,6.7000000000,5.7000000000
5/2/2026 10:00:00 PM,0.2020000000,7.9000000000,5.7000000000
5/2/2026 11:00:00 PM,0.1950000000,7.6000000000,5.5000000000
5/3/2026 12:00:00 AM,0.2050000000,8.8000000000,5.8000000000
5/3/2026 1:00:00 AM,0.2150000000,7.2000000000,6.1000000000
5/3/2026 2:00:00 AM,0.2490000000,8.0000000000,7.0000000000
5/3/2026 3:00:00 AM,0.2690000000,7.1000000000,7.6000000000
5/3/2026 4:00:00 AM,0.3000000000,10.6000000000,8.5000000000
5/3/2026 5:00:00 AM,0.3230000000,10.1000000000,9.1000000000
5/3/2026 6:00:00 AM,0.3640000000,10.2000000000,10.3000000000
5/3/2026 7:00:00 AM,0.2710000000,13.4000000000,7.7000000000
5/3/2026 8:00:00 AM,0.2490000000,10.3000000000,7.0000000000
5/3/2026 9:00:00 AM,0.2340000000,13.0000000000,6.6000000000
5/3/2026 10:00:00 AM,0.2380000000,7.7000000000,6.7000000000
5/3/2026 11:00:00 AM,0.2410000000,7.3000000000,6.8000000000
5/3/2026 12:00:00 PM,0.2330000000,8.4000000000,6.6000000000
5/3/2026 1:00:00 PM,0.2180000000,5.1000000000,6.2000000000
5/3/2026 2:00:00 PM,0.2390000000,6.3000000000,6.7000000000
5/3/2026 3:00:00 PM,0.2310000000,6.8000000000,6.5000000000
5/3/2026 4:00:00 PM,0.2200000000,8.7000000000,6.2000000000
5/3/2026 5:00:00 PM,0.2040000000,7.1000000000,5.8000000000
5/3/2026 6:00:00 PM,0.1940000000,6.3000000000,5.5000000000
5/3/2026 7:00:00 PM,0.1820000000,7.3000000000,5.1000000000
5/3/2026 8:00:00 PM,0.1840000000,5.6000000000,5.2000000000
5/3/2026 9:00:00 PM,0.2280000000,8.3000000000,6.5000000000
5/3/2026 10:00:00 PM,0.2690000000,7.3000000000,7.6000000000
5/3/2026 11:00:00 PM,0.2600000000,10.8000000000,7.4000000000
5/4/2026 12:00:00 AM,,12.5000000000,
5/4/2026 1:00:00 AM,0.2820000000,9.8000000000,8.0000000000
5/4/2026 2:00:00 AM,0.3010000000,11.4000000000,8.5000000000
5/4/2026 3:00:00 AM,0.3830000000,14.3000000000,10.8000000000
5/4/2026 4:00:00 AM,0.4230000000,13.1000000000,11.9000000000
5/4/2026 5:00:00 AM,0.5220000000,20.8000000000,14.7000000000
5/4/2026 6:00:00 AM,0.5510000000,17.0000000000,15.5000000000
5/4/2026 7:00:00 AM,0.6030000000,18.9000000000,17.0000000000
5/4/2026 8:00:00 AM,0.5300000000,18.9000000000,14.9000000000
5/4/2026 9:00:00 AM,0.4970000000,18.2000000000,14.0000000000
5/4/2026 10:00:00 AM,,9.5000000000,
5/4/2026 11:00:00 AM,,8.1000000000,
5/4/2026 12:00:00 PM,0.2690000000,7.1000000000,7.6000000000
5/4/2026 1:00:00 PM,0.2340000000,7.1000000000,6.6000000000
5/4/2026 2:00:00 PM,0.2180000000,5.6000000000,6.2000000000
5/4/2026 3:00:00 PM,0.2290000000,8.4000000000,6.5000000000
5/4/2026 4:00:00 PM,0.2320000000,6.5000000000,6.6000000000
5/4/2026 5:00:00 PM,0.2290000000,7.8000000000,6.5000000000
5/4/2026 6:00:00 PM,0.2550000000,8.3000000000,7.2000000000
5/4/2026 7:00:00 PM,0.2240000000,6.5000000000,6.3000000000
5/4/2026 8:00:00 PM,0.2020000000,6.9000000000,5.7000000000
5/4/2026 9:00:00 PM,0.2220000000,6.9000000000,6.3000000000
5/4/2026 10:00:00 PM,0.2330000000,6.5000000000,6.6000000000
5/4/2026 11:00:00 PM,0.2250000000,6.0000000000,6.3000000000
5/5/2026 12:00:00 AM,0.2450000000,6.0000000000,6.9000000000
5/5/2026 1:00:00 AM,0.2330000000,5.8000000000,6.6000000000
5/5/2026 2:00:00 AM,0.2250000000,8.5000000000,6.4000000000
5/5/2026 3:00:00 AM,0.2230000000,8.0000000000,6.3000000000
5/5/2026 4:00:00 AM,0.2220000000,4.8000000000,6.3000000000
5/5/2026 5:00:00 AM,0.2210000000,5.0000000000,6.2000000000
5/5/2026 6:00:00 AM,0.2250000000,7.5000000000,6.4000000000
5/5/2026 7:00:00 AM,0.2380000000,7.8000000000,6.7000000000
5/5/2026 8:00:00 AM,0.2440000000,7.1000000000,6.9000000000
5/5/2026 9:00:00 AM,0.2580000000,5.2000000000,7.3000000000
5/5/2026 10:00:00 AM,0.2580000000,8.0000000000,7.3000000000
5/5/2026 11:00:00 AM,0.2570000000,10.6000000000,7.2000000000
5/5/2026 12:00:00 PM,0.2580000000,7.3000000000,7.3000000000
5/5/2026 1:00:00 PM,0.2360000000,5.9000000000,6.7000000000
5/5/2026 2:00:00 PM,0.2280000000,5.8000000000,6.4000000000
5/5/2026 3:00:00 PM,0.2310000000,6.0000000000,6.5000000000
5/5/2026 4:00:00 PM,0.2460000000,8.1000000000,6.9000000000
5/5/2026 5:00:00 PM,0.2510000000,7.4000000000,7.1000000000
5/5/2026 6:00:00 PM,0.2520000000,9.9000000000,7.1000000000
5/5/2026 7:00:00 PM,0.2690000000,10.4000000000,7.6000000000
5/5/2026 8:00:00 PM,0.3280000000,9.9000000000,9.3000000000
5/5/2026 9:00:00 PM,0.2550000000,6.0000000000,7.2000000000
5/5/2026 10:00:00 PM,0.2560000000,8.4000000000,7.2000000000
5/5/2026 11:00:00 PM,0.2240000000,7.8000000000,6.3000000000
5/6/2026 12:00:00 AM,0.2380000000,8.7000000000,6.7000000000
5/6/2026 1:00:00 AM,0.2030000000,9.6000000000,5.7000000000
5/6/2026 2:00:00 AM,0.2140000000,7.8000000000,6.0000000000
5/6/2026 3:00:00 AM,0.2130000000,5.4000000000,6.0000000000
5/6/2026 4:00:00 AM,0.2420000000,6.3000000000,6.8000000000
5/6/2026 5:00:00 AM,0.2470000000,5.9000000000,7.0000000000
5/6/2026 6:00:00 AM,0.1980000000,6.2000000000,5.6000000000
5/6/2026 7:00:00 AM,0.1560000000,6.3000000000,4.4000000000
5/6/2026 8:00:00 AM,0.1560000000,4.9000000000,4.4000000000
5/6/2026 9:00:00 AM,0.1990000000,3.8000000000,5.6000000000
5/6/2026 10:00:00 AM,0.1480000000,3.6000000000,4.2000000000
5/6/2026 11:00:00 AM,0.1810000000,6.1000000000,5.1000000000
5/6/2026 12:00:00 PM,0.1950000000,7.8000000000,5.5000000000
5/6/2026 1:00:00 PM,0.1710000000,4.2000000000,4.8000000000
5/6/2026 2:00:00 PM,0.1340000000,6.3000000000,3.8000000000
5/6/2026 3:00:00 PM,0.1210000000,4.1000000000,3.4000000000
5/6/2026 4:00:00 PM,0.1090000000,2.6000000000,3.1000000000
5/6/2026 5:00:00 PM,0.1000000000,3.5000000000,2.9000000000
5/6/2026 6:00:00 PM,0.1150000000,3.8000000000,3.3000000000
5/6/2026 7:00:00 PM,0.1390000000,5.3000000000,3.9000000000
5/6/2026 8:00:00 PM,0.1350000000,4.3000000000,3.8000000000
5/6/2026 9:00:00 PM,0.1840000000,6.6000000000,5.2000000000
5/6/2026 10:00:00 PM,0.2350000000,7.2000000000,6.6000000000
5/6/2026 11:00:00 PM,0.2410000000,8.8000000000,6.8000000000
5/7/2026 12:00:00 AM,0.2570000000,6.3000000000,7.3000000000
5/7/2026 1:00:00 AM,0.2540000000,7.4000000000,7.2000000000
5/7/2026 2:00:00 AM,0.2880000000,8.9000000000,8.1000000000
5/7/2026 3:00:00 AM,0.2720000000,10.6000000000,7.7000000000
5/7/2026 4:00:00 AM,0.2670000000,6.1000000000,7.5000000000
5/7/2026 5:00:00 AM,0.2970000000,7.8000000000,8.4000000000
5/7/2026 6:00:00 AM,0.2220000000,8.8000000000,6.3000000000
5/7/2026 7:00:00 AM,0.1880000000,4.5000000000,5.3000000000
5/7/2026 8:00:00 AM,0.1820000000,4.2000000000,5.1000000000
5/7/2026 9:00:00 AM,0.1640000000,5.1000000000,4.7000000000
5/7/2026 10:00:00 AM,0.1480000000,3.5000000000,4.2000000000
5/7/2026 11:00:00 AM,0.1530000000,5.7000000000,4.3000000000
5/7/2026 12:00:00 PM,0.1500000000,6.6000000000,4.2000000000
5/7/2026 1:00:00 PM,0.1290000000,4.4000000000,3.7000000000
5/7/2026 2:00:00 PM,0.1400000000,3.5000000000,4.0000000000
5/7/2026 3:00:00 PM,0.1590000000,3.1000000000,4.5000000000
5/7/2026 4:00:00 PM,0.1600000000,5.5000000000,4.5000000000
5/7/2026 5:00:00 PM,0.1520000000,4.8000000000,4.3000000000
5/7/2026 6:00:00 PM,0.1480000000,,4.2000000000
5/7/2026 7:00:00 PM,0.1590000000,,4.5000000000
5/7/2026 8:00:00 PM,0.1680000000,,4.8000000000
5/7/2026 9:00:00 PM,0.2620000000,,7.4000000000
5/7/2026 10:00:00 PM,0.3150000000,,8.9000000000
5/7/2026 11:00:00 PM,0.3210000000,,9.1000000000
5/8/2026 12:00:00 AM,0.3290000000,,9.3000000000
5/8/2026 1:00:00 AM,0.2910000000,,8.2000000000
5/8/2026 2:00:00 AM,0.2860000000,,8.1000000000
5/8/2026 3:00:00 AM,0.2330000000,,6.6000000000
5/8/2026 4:00:00 AM,0.1950000000,,5.5000000000
5/8/2026 5:00:00 AM,0.1990000000,,5.6000000000
5/8/2026 6:00:00 AM,0.2050000000,,5.8000000000
5/8/2026 7:00:00 AM,0.2170000000,,6.1000000000
5/8/2026 8:00:00 AM,0.2210000000,,6.2000000000
5/8/2026 9:00:00 AM,0.2200000000,,6.2000000000
5/8/2026 10:00:00 AM,0.2450000000,,6.9000000000
5/8/2026 11:00:00 AM,0.2800000000,,7.9000000000
5/8/2026 12:00:00 PM,0.2480000000,8.4000000000,7.0000000000
5/8/2026 1:00:00 PM,0.2320000000,7.3000000000,6.6000000000
5/8/2026 2:00:00 PM,0.2210000000,6.7000000000,6.2000000000
5/8/2026 3:00:00 PM,0.2100000000,8.8000000000,5.9000000000
5/8/2026 4:00:00 PM,0.1890000000,8.3000000000,5.3000000000
5/8/2026 5:00:00 PM,0.1920000000,7.5000000000,5.4000000000
5/8/2026 6:00:00 PM,0.2100000000,7.3000000000,5.9000000000
5/8/2026 7:00:00 PM,0.2300000000,9.0000000000,6.5000000000
5/8/2026 8:00:00 PM,0.2140000000,5.8000000000,6.1000000000
5/8/2026 9:00:00 PM,0.2010000000,3.8000000000,5.7000000000
5/8/2026 10:00:00 PM,0.2290000000,4.5000000000,6.5000000000
5/8/2026 11:00:00 PM,0.1770000000,7.8000000000,5.0000000000
5/9/2026 12:00:00 AM,0.1570000000,6.2000000000,4.5000000000
5/9/2026 1:00:00 AM,0.1360000000,6.4000000000,3.9000000000
5/9/2026 2:00:00 AM,0.1220000000,6.8000000000,3.5000000000
5/9/2026 3:00:00 AM,0.1110000000,3.4000000000,3.2000000000
5/9/2026 4:00:00 AM,0.1050000000,0.3000000000,3.0000000000
5/9/2026 5:00:00 AM,0.1630000000,6.9000000000,4.6000000000
5/9/2026 6:00:00 AM,0.2220000000,5.5000000000,6.3000000000
5/9/2026 7:00:00 AM,0.1920000000,5.3000000000,5.4000000000
5/9/2026 8:00:00 AM,0.2670000000,7.6000000000,7.5000000000
5/9/2026 9:00:00 AM,0.2380000000,8.3000000000,6.7000000000
5/9/2026 10:00:00 AM,0.1850000000,6.6000000000,5.2000000000
5/9/2026 11:00:00 AM,0.1750000000,5.3000000000,5.0000000000
5/9/2026 12:00:00 PM,0.1520000000,4.6000000000,4.3000000000
5/9/2026 1:00:00 PM,0.1710000000,4.9000000000,4.8000000000
5/9/2026 2:00:00 PM,0.1020000000,3.3000000000,2.9000000000
5/9/2026 3:00:00 PM,0.1190000000,5.4000000000,3.4000000000
5/9/2026 4:00:00 PM,0.1630000000,7.6000000000,4.6000000000
5/9/2026 5:00:00 PM,0.2130000000,5.4000000000,6.0000000000
5/9/2026 6:00:00 PM,0.2380000000,5.2000000000,6.7000000000
5/9/2026 7:00:00 PM,0.2500000000,6.6000000000,7.1000000000
5/9/2026 8:00:00 PM,0.2650000000,6.7000000000,7.5000000000
5/9/2026 9:00:00 PM,0.2650000000,8.0000000000,7.5000000000
5/9/2026 10:00:00 PM,0.2800000000,8.2000000000,7.9000000000
5/9/2026 11:00:00 PM,0.2710000000,7.9000000000,7.6000000000
5/10/2026 12:00:00 AM,0.2640000000,6.3000000000,7.5000000000
5/10/2026 1:00:00 AM,0.2060000000,8.1000000000,5.8000000000
5/10/2026 2:00:00 AM,0.1600000000,4.9000000000,4.5000000000
5/10/2026 3:00:00 AM,0.1530000000,5.6000000000,4.3000000000
5/10/2026 4:00:00 AM,0.1530000000,6.1000000000,4.3000000000
5/10/2026 5:00:00 AM,0.2090000000,3.1000000000,5.9000000000
5/10/2026 6:00:00 AM,0.4190000000,7.7000000000,11.8000000000
5/10/2026 7:00:00 AM,0.4190000000,14.7000000000,11.8000000000
5/10/2026 8:00:00 AM,0.1940000000,8.6000000000,5.5000000000
5/10/2026 9:00:00 AM,0.1880000000,5.9000000000,5.3000000000
5/10/2026 10:00:00 AM,0.1960000000,6.0000000000,5.5000000000
5/10/2026 11:00:00 AM,0.1230000000,4.4000000000,3.5000000000
5/10/2026 12:00:00 PM,0.1180000000,4.4000000000,3.4000000000
5/10/2026 1:00:00 PM,0.1370000000,5.7000000000,3.9000000000
5/10/2026 2:00:00 PM,0.1600000000,3.8000000000,4.5000000000
5/10/2026 3:00:00 PM,0.1500000000,5.5000000000,4.3000000000
5/10/2026 4:00:00 PM,0.1480000000,7.7000000000,4.2000000000
5/10/2026 5:00:00 PM,0.1750000000,6.3000000000,5.0000000000
5/10/2026 6:00:00 PM,0.2240000000,5.4000000000,6.3000000000
5/10/2026 7:00:00 PM,0.1660000000,7.6000000000,4.7000000000
5/10/2026 8:00:00 PM,0.1450000000,4.9000000000,4.1000000000
5/10/2026 9:00:00 PM,0.2090000000,4.1000000000,5.9000000000
5/10/2026 10:00:00 PM,0.1510000000,5.8000000000,4.3000000000
5/10/2026 11:00:00 PM,0.0960000000,3.1000000000,2.7000000000
5/11/2026 12:00:00 AM,0.0890000000,4.2000000000,2.5000000000
5/11/2026 1:00:00 AM,0.1070000000,5.8000000000,3.0000000000
5/11/2026 2:00:00 AM,0.1200000000,3.0000000000,3.4000000000
5/11/2026 3:00:00 AM,0.1040000000,3.3000000000,3.0000000000
5/11/2026 4:00:00 AM,0.1110000000,6.7000000000,3.1000000000
5/11/2026 5:00:00 AM,0.1280000000,6.7000000000,3.6000000000
5/11/2026 6:00:00 AM,0.1400000000,4.2000000000,4.0000000000
5/11/2026 7:00:00 AM,0.1410000000,4.4000000000,4.0000000000
5/11/2026 8:00:00 AM,0.1540000000,4.9000000000,4.4000000000
5/11/2026 9:00:00 AM,0.1700000000,5.7000000000,4.8000000000
5/11/2026 10:00:00 AM,0.1480000000,4.6000000000,4.2000000000
5/11/2026 11:00:00 AM,0.1630000000,2.6000000000,4.6000000000
5/11/2026 12:00:00 PM,0.1390000000,3.8000000000,3.9000000000
5/11/2026 1:00:00 PM,0.1300000000,4.0000000000,3.7000000000
5/11/2026 2:00:00 PM,0.1170000000,4.0000000000,3.3000000000
5/11/2026 3:00:00 PM,0.1230000000,2.9000000000,3.5000000000
5/11/2026 4:00:00 PM,0.1200000000,3.0000000000,3.4000000000
5/11/2026 5:00:00 PM,0.1110000000,5.4000000000,3.2000000000
5/11/2026 6:00:00 PM,0.1220000000,3.6000000000,3.5000000000
5/11/2026 7:00:00 PM,0.1340000000,3.3000000000,3.8000000000
5/11/2026 8:00:00 PM,0.1440000000,3.3000000000,4.1000000000
5/11/2026 9:00:00 PM,0.1810000000,7.1000000000,5.1000000000
5/11/2026 10:00:00 PM,0.1630000000,8.1000000000,4.6000000000
5/11/2026 11:00:00 PM,0.1610000000,8.8000000000,4.5000000000
5/12/2026 12:00:00 AM,0.1500000000,7.2000000000,4.3000000000
5/12/2026 1:00:00 AM,0.1530000000,3.7000000000,4.3000000000
5/12/2026 2:00:00 AM,0.1770000000,3.6000000000,5.0000000000
5/12/2026 3:00:00 AM,0.2120000000,6.9000000000,6.0000000000
5/12/2026 4:00:00 AM,0.2120000000,7.4000000000,6.0000000000
5/12/2026 5:00:00 AM,0.1900000000,7.8000000000,5.4000000000
5/12/2026 6:00:00 AM,0.1730000000,6.3000000000,4.9000000000
5/12/2026 7:00:00 AM,0.1870000000,5.6000000000,5.3000000000
5/12/2026 8:00:00 AM,0.1970000000,5.4000000000,5.6000000000
5/12/2026 9:00:00 AM,0.2120000000,4.8000000000,6.0000000000
5/12/2026 10:00:00 AM,0.2190000000,6.8000000000,6.2000000000
5/12/2026 11:00:00 AM,0.2120000000,7.9000000000,6.0000000000
5/12/2026 12:00:00 PM,0.1700000000,8.7000000000,4.8000000000
5/12/2026 1:00:00 PM,0.2470000000,8.9000000000,7.0000000000
5/12/2026 2:00:00 PM,0.1940000000,5.5000000000,5.5000000000
5/12/2026 3:00:00 PM,0.1650000000,7.0000000000,4.7000000000
5/12/2026 4:00:00 PM,0.1790000000,6.6000000000,5.1000000000
5/12/2026 5:00:00 PM,0.2020000000,7.7000000000,5.7000000000
5/12/2026 6:00:00 PM,0.2060000000,6.1000000000,5.8000000000
5/12/2026 7:00:00 PM,0.1970000000,6.0000000000,5.6000000000
5/12/2026 8:00:00 PM,0.1760000000,5.8000000000,5.0000000000
5/12/2026 9:00:00 PM,0.1560000000,5.9000000000,4.4000000000
5/12/2026 10:00:00 PM,0.1620000000,5.2000000000,4.6000000000
5/12/2026 11:00:00 PM,0.1680000000,7.2000000000,4.8000000000
5/13/2026 12:00:00 AM,0.1630000000,5.8000000000,4.6000000000
5/13/2026 1:00:00 AM,0.1730000000,4.7000000000,4.9000000000
5/13/2026 2:00:00 AM,0.1550000000,4.4000000000,4.4000000000
5/13/2026 3:00:00 AM,0.1540000000,4.0000000000,4.4000000000
5/13/2026 4:00:00 AM,0.1600000000,4.2000000000,4.5000000000
5/13/2026 5:00:00 AM,0.2010000000,4.3000000000,5.7000000000
5/13/2026 6:00:00 AM,0.1990000000,4.5000000000,5.6000000000
5/13/2026 7:00:00 AM,0.1670000000,6.5000000000,4.7000000000
5/13/2026 8:00:00 AM,0.1370000000,6.7000000000,3.9000000000
5/13/2026 9:00:00 AM,0.1290000000,5.8000000000,3.7000000000
5/13/2026 10:00:00 AM,0.1490000000,5.2000000000,4.2000000000
5/13/2026 11:00:00 AM,0.1420000000,4.5000000000,4.0000000000
5/13/2026 12:00:00 PM,0.1540000000,4.5000000000,4.4000000000
5/13/2026 1:00:00 PM,0.1320000000,3.6000000000,3.8000000000
5/13/2026 2:00:00 PM,0.1300000000,5.5000000000,3.7000000000
5/13/2026 3:00:00 PM,0.1100000000,4.9000000000,3.1000000000
5/13/2026 4:00:00 PM,,,
5/13/2026 5:00:00 PM,,,
5/13/2026 6:00:00 PM,,,
5/13/2026 7:00:00 PM,,,
5/13/2026 8:00:00 PM,,,
5/13/2026 9:00:00 PM,,,
5/13/2026 10:00:00 PM,,,
5/13/2026 11:00:00 PM,,,
